{
  "$schema": "https://ui.shadcn.com/schema.json",
  "style": "default",
  "rsc": true,
  "tsx": true,
  "tailwind": {
    "config": "tailwind.config.ts",
    "css": "src/app/globals.css",
    "baseColor": "slate",
    "cssVariables": true,
    "prefix": ""
  },
  "iconLibrary": "lucide",
  "aliases": {
    "components": "@/components",
    "utils": "@/lib/utils"
  },
  "registries": {
    "@aceternity": "https://ui.aceternity.com/registry/{name}.json",
    "@ncdai": "https://chanhdai.com/r/{name}.json",
    "@shadcn-studio": "https://shadcnstudio.com/r/{name}.json",
    "@ss-components": "https://shadcnstudio.com/r/components/{name}.json",
    "@ss-blocks": "https://shadcnstudio.com/r/blocks/{name}.json",
    "@ss-themes": "https://shadcnstudio.com/r/themes/{name}.json",
    "@shadcn-editor": "https://shadcn-editor.vercel.app/r/{name}.json",
    "@blocks": "https://blocks.so/r/{name}.json",
    "@billingsdk": "https://billingsdk.com/r/{name}.json"
  }
}
